{
  "0": [
    66.41910560087007,
    71.5075904742732,
    81.91973836351052
  ],
  "1": [
    229.84144587201817,
    224.19763468607675,
    118.44798487397557
  ],
  "2": [
    160.36214709822312,
    164.81136580942024,
    141.90112640935524
  ],
  "3": [
    155.05552384548275,
    16.673023594573408,
    233.64334666086862
  ],
  "4": [
    240.70196310683804,
    251.60406025671566,
    101.19081335782091
  ],
  "5": [
    146.71304789732827,
    126.3121861476674,
    168.2346897842048
  ],
  "6": [
    234.14562458090273,
    129.9509400459038,
    107.52567101735471
  ],
  "7": [
    117.33388557486114,
    83.62712026386976,
    240.25043691992622
  ],
  "8": [
    91.12071672164882,
    105.3992549003479,
    47.34096536563838
  ],
  "9": [
    231.68809001539532,
    114.56865647349117,
    145.76195464247098
  ],
  "10": [
    148.2543023488543,
    64.57243260326179,
    168.8833407057199
  ],
  "11": [
    253.04239240991336,
    154.48968950027205,
    174.60629426987413
  ],
  "12": [
    191.2594213028413,
    202.1105677568812,
    16.28648662241152
  ],
  "13": [
    9.82884592488475,
    140.66176709025672,
    66.07361526516948
  ],
  "14": [
    7.532180628086827,
    39.92378130495624,
    67.59347979569623
  ],
  "15": [
    202.76447469430823,
    181.43068491209115,
    133.4059697619734
  ],
  "16": [
    146.809609886885,
    65.48731329256795,
    80.47185856695367
  ],
  "17": [
    75.59956982407428,
    85.12094560581843,
    43.94675812399929
  ],
  "18": [
    20.478312549946356,
    201.02382782895907,
    154.90492196295273
  ],
  "19": [
    84.91504408462816,
    7.670863641158908,
    159.5180927231566
  ],
  "20": [
    150.13193530772728,
    108.38949938862712,
    140.02963130768185
  ],
  "21": [
    96.90035176984256,
    172.11430015627064,
    229.92154103808818
  ],
  "22": [
    1.7032680423210693,
    205.5377310227198,
    231.09551405704417
  ],
  "23": [
    191.4899229349886,
    9.65581846533823,
    62.406008840217446
  ],
  "24": [
    99.28879873043357,
    231.04657320788291,
    213.50184605702842
  ],
  "25": [
    105.69793645237989,
    9.999236310900292,
    199.8580926138523
  ],
  "26": [
    156.17010010022878,
    144.5386849285777,
    202.79996415311186
  ],
  "27": [
    216.71114177431588,
    185.31975352621885,
    13.5447021141064
  ],
  "28": [
    230.77357456546545,
    2.1226090510406355,
    20.368071753199242
  ],
  "29": [
    61.70381662497509,
    119.88294579214815,
    132.44508022069556
  ],
  "30": [
    192.53186745770705,
    172.0861883690259,
    161.03144024173352
  ],
  "31": [
    133.82514202043575,
    252.44930876987434,
    231.30233320381114
  ],
  "32": [
    72.68105027766057,
    222.92600036825874,
    89.14986277635657
  ],
  "33": [
    181.42709498561135,
    26.65548627419421,
    29.682430011804186
  ],
  "34": [
    229.18477903666115,
    83.03472217079178,
    105.1225368579931
  ],
  "35": [
    242.45578275673495,
    250.69918570160007,
    223.38412139212545
  ],
  "36": [
    67.02805152922264,
    129.0692473749272,
    199.83328540146474
  ],
  "37": [
    83.48787855949516,
    254.24770446656612,
    70.36253222574825
  ],
  "38": [
    79.90975499506335,
    46.566595457350516,
    240.79432441937243
  ],
  "39": [
    95.66282881432191,
    2.885279490296895,
    18.08389424409463
  ],
  "40": [
    7.499111288638909,
    42.9014643385066,
    239.9587758652634
  ],
  "41": [
    134.7268445331379,
    65.38328856925799,
    111.75231209399955
  ],
  "42": [
    220.26076109117878,
    128.9230792883297,
    241.90839957071051
  ],
  "43": [
    179.381705810611,
    85.55471464606259,
    78.50996840397075
  ],
  "44": [
    239.3560150945305,
    10.831774314467335,
    210.5866650032578
  ],
  "45": [
    182.05210950226078,
    85.45724280266897,
    254.7487930313491
  ],
  "46": [
    138.79981779101644,
    150.67716347981244,
    222.25871471075607
  ],
  "47": [
    28.80691012145079,
    111.34393223839608,
    162.6020123823172
  ],
  "48": [
    120.24005684249897,
    220.00151452267275,
    156.61664502554163
  ],
  "49": [
    66.32687908496598,
    14.899727083804288,
    166.4151918206871
  ],
  "50": [
    127.57567534376841,
    84.5966354171871,
    188.2858369341808
  ],
  "51": [
    18.671489910646017,
    193.72985191879286,
    110.4977553347311
  ],
  "52": [
    10.764725906995878,
    116.76039483594977,
    138.44538510167533
  ],
  "53": [
    78.23434095852006,
    48.384816159441044,
    182.80527636613334
  ],
  "54": [
    110.29071460537233,
    11.820646095450277,
    74.47017066844953
  ],
  "55": [
    81.72152161536994,
    98.19346205230823,
    21.25583594305214
  ],
  "56": [
    108.89287138184838,
    120.59806180599195,
    118.18514363260185
  ],
  "57": [
    129.85746646104965,
    184.71595170849014,
    40.228315517660434
  ],
  "58": [
    196.53940988705548,
    90.95334323526235,
    191.6225530858133
  ],
  "59": [
    173.91004541464878,
    115.07071195083331,
    232.29844704609758
  ],
  "60": [
    179.09371056551996,
    89.15839615224102,
    119.13391212296057
  ],
  "61": [
    50.24782906101216,
    141.9618726486322,
    190.69504553155159
  ],
  "62": [
    81.75912892040442,
    179.1629991338021,
    106.63538892935478
  ],
  "63": [
    59.75378098754447,
    125.9722557432052,
    196.5611441979777
  ],
  "64": [
    170.136887316624,
    237.33367840655723,
    237.37959313926743
  ],
  "65": [
    224.81934185572698,
    5.092534854512453,
    180.64085636629204
  ],
  "66": [
    184.32428792065886,
    235.3097769750963,
    214.8886310447054
  ],
  "67": [
    115.13562217097379,
    163.0551204005656,
    43.529805272637475
  ],
  "68": [
    90.65467911496539,
    21.65014747387577,
    97.9245585751738
  ],
  "69": [
    212.09817767386085,
    117.79489117525982,
    167.7546886411397
  ],
  "70": [
    42.944413266570315,
    235.96699505117246,
    91.69654280388815
  ],
  "71": [
    123.793913943438,
    107.2959656209802,
    166.3247364991982
  ],
  "72": [
    230.71360460264862,
    51.85836419296431,
    38.93645516298345
  ],
  "73": [
    70.5146846136944,
    65.01877657121838,
    145.1660451594198
  ],
  "74": [
    53.87711799945669,
    94.34704635371007,
    35.228174380329406
  ],
  "75": [
    148.63112086889993,
    13.30254549044487,
    189.21617759059464
  ],
  "76": [
    167.1800038303743,
    219.90278069246656,
    56.81146002947313
  ],
  "77": [
    84.44419058502419,
    163.07391634620737,
    144.86686281581876
  ],
  "78": [
    67.37020595758523,
    22.95646506719566,
    8.774157024401315
  ],
  "79": [
    160.20234153749342,
    131.90105189793067,
    143.28105703919667
  ],
  "80": [
    28.383092694075337,
    37.19144670912549,
    182.91988593748258
  ],
  "81": [
    232.87133919306447,
    18.380130579456047,
    69.6021517441916
  ],
  "82": [
    167.54970466479537,
    94.9428955916852,
    216.1626376885874
  ],
  "83": [
    24.5685500444887,
    208.3702870688088,
    26.5016362696565
  ],
  "84": [
    175.72222067359044,
    33.19095204303051,
    58.574860416540005
  ],
  "85": [
    48.60113251060231,
    86.39713258994882,
    59.84134383953444
  ],
  "86": [
    30.706828354697656,
    61.426461879959675,
    173.4401752017928
  ],
  "87": [
    5.39642661404377,
    94.94370868600485,
    103.25827232037781
  ],
  "88": [
    99.79310022187343,
    25.364977484114426,
    25.392366429457354
  ],
  "89": [
    219.7505634724818,
    158.0201491163361,
    51.429231850090616
  ],
  "90": [
    232.2128794103248,
    215.75343112994568,
    130.60438323532497
  ],
  "91": [
    9.843515924077563,
    113.12261120021121,
    155.33341939462974
  ],
  "92": [
    164.88450911337637,
    150.6535653825077,
    102.1547600589115
  ],
  "93": [
    7.01496837833544,
    179.2943499030827,
    188.11344590962287
  ],